{
    "providers": [
        {
            "type": "bitmap",
            "file": "minecraft:font/ss2.png",
            "height": 50,
            "ascent": 25,
            "chars": [
                "あい",
                "\uF010\uF011"
            ]
        },
        {
            "type": "bitmap",
            "file": "minecraft:font/ss2.png",
            "height": 50,
            "ascent": -25,
            "chars": [
                "\uF100\uF101",
                "かき"
            ]
        },
        {
            "type": "ttf",
            "file": "minecraft:mcbackspace.ttf",
            "shift": [0.0, 0.0],
            "size": 1.0,
            "oversample": 1.0,
            "skip": ""
        }
    ]
}